1	A2M
2	ABCC3
3	ABCC4
4	ABHD5
5	ABL1
6	ABLIM1
7	ABR
8	ABTB2
9	AC002429.2
10	AC002460.2
11	AC004053.1
12	AC004160.1
13	AC004817.5
14	AC005062.1
15	AC006230.1
16	AC006581.2
17	AC007319.1
18	AC008014.1
19	AC008691.1
20	AC008696.2
21	AC008771.1
22	AC009093.2
23	AC009315.1
24	AC009522.1
25	AC010343.3
26	AC010983.1
27	AC011246.1
28	AC011287.1
29	AC011476.3
30	AC011997.1
31	AC013652.1
32	AC015849.1
33	AC016074.2
34	AC016168.2
35	AC016831.7
36	AC017002.3
37	AC021231.1
38	AC021851.2
39	AC022217.3
40	AC022816.1
41	AC024901.1
42	AC025580.2
43	AC025946.1
44	AC027097.2
45	AC027288.3
46	AC034195.1
47	AC061958.1
48	AC064834.1
49	AC067751.1
50	AC068051.1
51	AC068286.2
52	AC068413.1
53	AC068633.1
54	AC069277.1
55	AC073332.1
56	AC073475.1
57	AC073529.1
58	AC078785.1
59	AC078845.1
60	AC078881.1
61	AC079142.1
62	AC079447.1
63	AC079760.1
64	AC083837.1
65	AC084816.1
66	AC090125.1
67	AC090825.1
68	AC092120.3
69	AC092535.4
70	AC092650.1
71	AC092944.1
72	AC093865.1
73	AC093898.1
74	AC093916.1
75	AC096711.2
76	AC098588.3
77	AC104035.1
78	AC104041.1
79	AC104123.1
80	AC104170.1
81	AC105180.2
82	AC105411.1
83	AC107032.2
84	AC107223.1
85	AC109361.1
86	AC109492.1
87	AC109927.1
88	AC112206.2
89	AC113414.1
90	AC114763.1
91	AC114930.1
92	AC120193.1
93	AC132153.1
94	AC133644.2
95	AC139720.1
96	AC233296.1
97	AC233976.1
98	AC243829.2
99	AC244131.2
100	AC244502.1
101	AC246817.1
102	AC246817.2
103	ACACA
104	ACOXL
105	ACP5
106	ACSL1
107	ACSL4
108	ACSM3
109	ACTB
110	ACTG1
111	ACVR1C
112	ACVR2A
113	ADAM12
114	ADAM17
115	ADAM19
116	ADAM22
117	ADAMTS17
118	ADAMTS6
119	ADCY1
120	ADCY9
121	ADGRA3
122	ADGRB3
123	ADGRE2
124	ADGRE5
125	ADGRG3
126	ADGRG5
127	ADK
128	ADTRP
129	AF117829.1
130	AF165147.1
131	AFAP1L2
132	AFDN
133	AFF2
134	AFF3
135	AFG1L
136	AGAP1
137	AGBL4
138	AHCYL2
139	AHI1
140	AHNAK
141	AHR
142	AHRR
143	AIF1
144	AIM2
145	AJ009632.2
146	AK4
147	AK5
148	AK8
149	AKAP12
150	AKAP6
151	AKR1C3
152	AL008633.1
153	AL021918.5
154	AL031599.1
155	AL033523.1
156	AL034397.3
157	AL035446.2
158	AL049828.1
159	AL050309.1
160	AL050403.2
161	AL078459.1
162	AL078604.4
163	AL109930.1
164	AL136456.1
165	AL136962.1
166	AL137009.1
167	AL138720.1
168	AL138828.1
169	AL157871.4
170	AL157911.1
171	AL162493.1
172	AL163541.1
173	AL163932.1
174	AL353660.1
175	AL359220.1
176	AL359232.1
177	AL360178.1
178	AL365255.1
179	AL365295.1
180	AL390957.1
181	AL392086.3
182	AL445213.2
183	AL450352.1
184	AL513166.1
185	AL589693.1
186	AL589740.1
187	AL590006.1
188	AL590807.1
189	AL592429.2
190	AL603756.1
191	AL807742.1
192	ALAS1
193	ALCAM
194	ALDH1A2
195	ALDH2
196	ALOX5
197	ALOX5AP
198	ALPK1
199	ALPK2
200	AMOTL1
201	ANGPTL1
202	ANK2
203	ANK3
204	ANKRD22
205	ANKRD28
206	ANKRD33B
207	ANKRD6
208	ANLN
209	ANO5
210	ANP32E
211	ANPEP
212	ANTXR2
213	ANXA1
214	ANXA2
215	ANXA5
216	AOAH
217	AOPEP
218	AP000446.1
219	AP000676.5
220	AP000787.1
221	AP000829.1
222	AP001341.1
223	AP001347.1
224	AP001831.1
225	AP001977.1
226	AP002075.1
227	AP002383.2
228	AP002989.1
229	AP003086.1
230	AP1S3
231	APBA1
232	APBA2
233	APBB2
234	APOL4
235	APOLD1
236	APP
237	AREG
238	ARHGAP10
239	ARHGAP11A
240	ARHGAP11B
241	ARHGAP15
242	ARHGAP24
243	ARHGAP25
244	ARHGAP26
245	ARHGAP31
246	ARHGAP32
247	ARHGAP42
248	ARHGAP6
249	ARHGEF11
250	ARHGEF12
251	ARID3A
252	ARID5B
253	ARL15
254	ARL6IP1
255	ARL8B
256	ARNTL2
257	ARSB
258	ASAH1
259	ASAP1
260	ASAP2
261	ASCC3
262	ASPH
263	ASPM
264	ATAD2
265	ATAD5
266	ATF3
267	ATF5
268	ATG7
269	ATP10A
270	ATP10D
271	ATP13A3
272	ATP1B1
273	ATP1B3
274	ATP2B1
275	ATP6V0A1
276	ATP6V1A
277	ATP8A1
278	ATP8B4
279	ATP9A
280	ATRN
281	ATRNL1
282	ATXN1
283	ATXN7L1
284	AURKA
285	AURKB
286	AUTS2
287	AZIN1-AS1
288	B4GALT5
289	BAALC
290	BAALC-AS1
291	BABAM2
292	BACH1
293	BACH2
294	BANK1
295	BASP1
296	BATF3
297	BAZ2B
298	BCAR3
299	BCAS1
300	BCAS3
301	BCAT1
302	BCL2
303	BCL2A1
304	BCL2L11
305	BCL7A
306	BICD1
307	BICDL1
308	BID
309	BIRC3
310	BLM
311	BLNK
312	BLVRB
313	BMP2K
314	BMPR1B
315	BNC2
316	BRCA1
317	BRCA2
318	BRI3
319	BRIP1
320	BTBD11
321	BTBD9
322	BTK
323	BUB1
324	BUB1B
325	C12orf75
326	C15orf48
327	C1QBP
328	C1orf21
329	C1orf54
330	C20orf194
331	C20orf204
332	C3AR1
333	C3orf14
334	C3orf67
335	C5AR1
336	C5orf17
337	C8orf37-AS1
338	CA2
339	CA3
340	CABLES1
341	CACNB4
342	CADM1
343	CADM2
344	CALCB
345	CALCRL
346	CALD1
347	CALHM6
348	CALM2
349	CALN1
350	CALR
351	CAMK1D
352	CAMK2D
353	CAMK4
354	CAMKMT
355	CAMSAP2
356	CAPG
357	CARMIL1
358	CASC15
359	CASK
360	CATSPERE
361	CAVIN3
362	CBLB
363	CCBE1
364	CCDC138
365	CCDC141
366	CCDC171
367	CCDC18
368	CCDC200
369	CCDC34
370	CCDC50
371	CCDC7
372	CCDC73
373	CCDC88A
374	CCL3
375	CCL3L1
376	CCL4
377	CCL4L2
378	CCL5
379	CCNA2
380	CCNB1
381	CCNB2
382	CCND1
383	CCND2
384	CCNE2
385	CCNF
386	CCR1
387	CCR10
388	CCR3
389	CCR6
390	CCR7
391	CCRL2
392	CCSER1
393	CD109
394	CD160
395	CD226
396	CD27
397	CD274
398	CD38
399	CD4
400	CD40
401	CD40LG
402	CD44
403	CD58
404	CD63
405	CD68
406	CD69
407	CD70
408	CD74
409	CD79A
410	CD79B
411	CD80
412	CD83
413	CD86
414	CD8A
415	CD8B
416	CD9
417	CD96
418	CDC14A
419	CDC42BPA
420	CDC6
421	CDCA2
422	CDCA5
423	CDCA8
424	CDCP1
425	CDK1
426	CDK14
427	CDK19
428	CDK5RAP2
429	CDK6
430	CDKAL1
431	CDKN1A
432	CDKN2D
433	CDKN3
434	CDT1
435	CDYL2
436	CEBPB
437	CEBPD
438	CECR2
439	CEMIP2
440	CENPA
441	CENPE
442	CENPF
443	CENPI
444	CENPM
445	CENPP
446	CENPU
447	CENPV
448	CENPW
449	CEP112
450	CEP128
451	CEP55
452	CERS6
453	CES1
454	CFAP299
455	CFAP57
456	CFD
457	CFH
458	CHEK1
459	CHN1
460	CHODL
461	CHST11
462	CIITA
463	CIP2A
464	CIR1
465	CIT
466	CKAP2
467	CKAP5
468	CKB
469	CKS1B
470	CKS2
471	CLC
472	CLCA4-AS1
473	CLCN5
474	CLEC12A
475	CLECL1
476	CLIC2
477	CLIC3
478	CLIC4
479	CLIP2
480	CLMN
481	CLNK
482	CLSPN
483	CLU
484	CMSS1
485	CMTM8
486	CNR2
487	CNTLN
488	CNTNAP2
489	COL24A1
490	COL26A1
491	COL6A1
492	COL6A2
493	COMMD10
494	CORO1B
495	CORO1C
496	COTL1
497	COX10-AS1
498	CPA6
499	CPEB4
500	CPM
501	CPNE8
502	CPPED1
503	CPQ
504	CPVL
505	CR1
506	CRADD
507	CREB5
508	CREG1
509	CREM
510	CRIM1
511	CRIP1
512	CRIP2
513	CRNDE
514	CRPPA
515	CRTAM
516	CSF1
517	CSF1R
518	CSF2RA
519	CSF2RB
520	CSGALNACT1
521	CST3
522	CST7
523	CSTB
524	CTBP2
525	CTDSPL
526	CTH
527	CTLA4
528	CTNNA3
529	CTNNAL1
530	CTSB
531	CTSC
532	CTSH
533	CTSS
534	CTSW
535	CTSZ
536	CTTNBP2NL
537	CUX2
538	CX3CR1
539	CXCL13
540	CXCL16
541	CXCR6
542	CXXC5
543	CYB561A3
544	CYP1B1
545	CYP1B1-AS1
546	CYP27A1
547	CYP7B1
548	CYSLTR1
549	DAB1
550	DACH1
551	DAPK1
552	DAPK2
553	DAPP1
554	DCLK2
555	DDIT4
556	DDX21
557	DEC1
558	DEK
559	DENND1A
560	DENND1B
561	DENND4A
562	DENND5A
563	DENND5B
564	DEPDC1B
565	DERL3
566	DGKG
567	DGKH
568	DGKI
569	DHFR
570	DHRS3
571	DHRS7B
572	DIAPH2
573	DIAPH3
574	DIPK1A
575	DIRC3
576	DISC1
577	DISC1FP1
578	DIXDC1
579	DLEU1
580	DLEU2
581	DLEU7
582	DLG2
583	DLGAP1
584	DLGAP2
585	DMD
586	DMGDH
587	DMXL2
588	DNA2
589	DNAH14
590	DNAH8
591	DNAJC12
592	DNAJC6
593	DNM3
594	DOCK1
595	DOCK3
596	DOCK4
597	DOCK5
598	DOK6
599	DPF3
600	DPH6
601	DPYD
602	DPYSL2
603	DRAM1
604	DSCAML1
605	DSE
606	DST
607	DTHD1
608	DTL
609	DUSP1
610	DUSP2
611	DUSP4
612	DUSP6
613	DUT
614	DYSF
615	E2F7
616	EAF2
617	EBF1
618	EBI3
619	ECT2
620	EDA
621	EDARADD
622	EED
623	EEPD1
624	EFCAB11
625	EFNA5
626	EGLN3
627	EGR1
628	EGR2
629	EGR3
630	EHBP1
631	EIF2AK3
632	EIF4EBP1
633	EIF4G3
634	ELL2
635	ELMO1
636	ELOVL6
637	ELOVL7
638	EMILIN2
639	EML5
640	EML6
641	EMP1
642	ENO1
643	ENOX1
644	ENPP1
645	ENPP2
646	ENPP3
647	ENPP6
648	ENTHD1
649	ENTPD1
650	ENTPD1-AS1
651	EOMES
652	EPAS1
653	EPB41L2
654	EPB41L3
655	EPB41L4A
656	EPDR1
657	EPHA4
658	EPHB1
659	EPHB6
660	EPSTI1
661	ERC1
662	ERN1
663	ERVMER61-1
664	ESCO2
665	ESR1
666	ETS2
667	ETV6
668	EVI5
669	EXO1
670	EXOC6B
671	EXPH5
672	EXT1
673	EYA2
674	EZH2
675	F5
676	FAAH2
677	FABP5
678	FADS1
679	FAF1
680	FAM102B
681	FAM110B
682	FAM111B
683	FAM117B
684	FAM135A
685	FAM13A
686	FAM151B
687	FAM160A1
688	FAM168A
689	FAM241A
690	FAM30A
691	FAM49A
692	FANCC
693	FANCI
694	FAR1
695	FAR2
696	FBP1
697	FBXO5
698	FCAR
699	FCER1G
700	FCGR2A
701	FCGR3A
702	FCGRT
703	FCHSD2
704	FCRL3
705	FEN1
706	FER
707	FGD4
708	FGD6
709	FGF12
710	FGFBP2
711	FGFR1
712	FGGY
713	FGL2
714	FGR
715	FHIT
716	FILIP1L
717	FIRRE
718	FLG-AS1
719	FLT1
720	FLT3
721	FLVCR2
722	FMN1
723	FMNL2
724	FNDC3A
725	FNDC3B
726	FNIP2
727	FOS
728	FOSB
729	FOXO3
730	FOXP1
731	FOXP3
732	FRG1-DT
733	FRMD3
734	FRMD4B
735	FRY
736	FSCN1
737	FTH1
738	FTL
739	FUT7
740	FUT8
741	FXYD2
742	G0S2
743	G2E3
744	GAB1
745	GAB2
746	GADD45A
747	GADD45B
748	GADD45G
749	GALM
750	GALNT14
751	GAPDH
752	GARS
753	GAS2L3
754	GAS7
755	GBE1
756	GBP1
757	GBP5
758	GCH1
759	GCNT1
760	GCNT2
761	GEM
762	GEN1
763	GFOD1
764	GIHCG
765	GINS2
766	GJB6
767	GK
768	GK-AS1
769	GLCCI1
770	GLDC
771	GLIS3
772	GLRX
773	GLUL
774	GM2A
775	GMDS
776	GMDS-DT
777	GMNN
778	GNA14
779	GNAQ
780	GNB4
781	GNG2
782	GNG4
783	GNG7
784	GNG8
785	GNLY
786	GOLIM4
787	GPAT3
788	GPC3
789	GPC5
790	GPD2
791	GPHN
792	GPM6A
793	GPR137C
794	GPR155
795	GPR156
796	GPR183
797	GPRIN3
798	GPSM2
799	GRAMD1B
800	GRB10
801	GREM2
802	GRIA3
803	GRIP1
804	GRK3
805	GRN
806	GSAP
807	GSN
808	GSTP1
809	GTDC1
810	GTSE1
811	GTSF1
812	GUCY1A1
813	GZMA
814	GZMB
815	GZMH
816	GZMK
817	H2AFX
818	H2AFZ
819	HAVCR2
820	HBEGF
821	HDAC8
822	HDAC9
823	HDC
824	HDGFL3
825	HDX
826	HECTD2
827	HEG1
828	HELLPAR
829	HELLS
830	HERC5
831	HHAT
832	HHLA2
833	HIP1
834	HIPK2
835	HIST1H1A
836	HIST1H1B
837	HIST1H1C
838	HIST1H1D
839	HIST1H1E
840	HIST1H2AG
841	HIST1H2AH
842	HIST1H2AI
843	HIST1H2AJ
844	HIST1H2AL
845	HIST1H2AM
846	HIST1H2BB
847	HIST1H2BC
848	HIST1H2BF
849	HIST1H2BH
850	HIST1H3D
851	HIST1H3F
852	HIST1H3H
853	HIST1H4C
854	HIST1H4D
855	HIST1H4H
856	HIST2H2AB
857	HIST2H2AC
858	HIST2H2BF
859	HIVEP1
860	HIVEP3
861	HK2
862	HLA-DMA
863	HLA-DMB
864	HLA-DPA1
865	HLA-DPB1
866	HLA-DQA1
867	HLA-DQB1
868	HLA-DRA
869	HLA-DRB1
870	HLA-DRB5
871	HLF
872	HMGA1
873	HMGB1
874	HMGB2
875	HMGB3
876	HMGCS1
877	HMGN2
878	HMMR
879	HMOX1
880	HNRNPA2B1
881	HNRNPAB
882	HOPX
883	HPGD
884	HPGDS
885	HRH2
886	HS2ST1
887	HS3ST1
888	HS3ST3B1
889	HSD11B1
890	HSD11B1-AS1
891	HSP90AA1
892	HSP90AB1
893	HSP90B1
894	HSPA5
895	HSPA8
896	HSPD1
897	HSPE1
898	HSPH1
899	HULC
900	HVCN1
901	ICAM1
902	ICOS
903	ID2
904	ID3
905	IDO1
906	IER3
907	IFI27
908	IFI30
909	IFI44L
910	IFIT1
911	IFIT2
912	IFIT3
913	IFITM3
914	IFNG
915	IFNG-AS1
916	IGF1
917	IGF1R
918	IGF2BP2
919	IGF2BP3
920	IGF2R
921	IGFBP2
922	IGFBP4
923	IGFBP7
924	IGHM
925	IGSF11
926	IGSF6
927	IKZF2
928	IL12RB2
929	IL15
930	IL17RB
931	IL18BP
932	IL1A
933	IL1R1
934	IL1RAP
935	IL23R
936	IL26
937	IL27
938	IL2RA
939	IL32
940	IL3RA
941	IL4
942	IL4I1
943	IL6
944	IL6R
945	IL7
946	IL7R
947	IMMP2L
948	INCENP
949	INPP4B
950	INPP5F
951	INSIG1
952	INSR
953	INVS
954	IQCG
955	IQCJ-SCHIP1
956	IRAK2
957	IRAK3
958	IRF4
959	IRF8
960	ITGA1
961	ITGA2
962	ITGA2B
963	ITGA4
964	ITGAX
965	ITGB1
966	ITM2C
967	ITPR2
968	ITPRIPL2
969	ITSN1
970	IVNS1ABP
971	JADE3
972	JAK2
973	JAKMIP2
974	JAML
975	JARID2
976	JAZF1
977	JPT1
978	JUN
979	KANK1
980	KAT2B
981	KAZN
982	KCNH8
983	KCNIP4
984	KCNK13
985	KCNMA1
986	KCNMB2-AS1
987	KCNQ1OT1
988	KCNQ5
989	KCTD12
990	KCTD16
991	KDM7A
992	KHDRBS2
993	KIAA0825
994	KIAA1211
995	KIAA1217
996	KIAA1324
997	KIAA1328
998	KIAA1958
999	KIF11
1000	KIF13A
1001	KIF14
1002	KIF15
1003	KIF18A
1004	KIF1B
1005	KIF20B
1006	KIF23
1007	KIF2C
1008	KIF4A
1009	KIFC1
1010	KIR2DL1
1011	KIR2DL3
1012	KIR2DL4
1013	KIR3DL1
1014	KIR3DL2
1015	KIT
1016	KLF2
1017	KLF6
1018	KLF7
1019	KLHL13
1020	KLHL23
1021	KLHL29
1022	KLHL4
1023	KLK1
1024	KLRB1
1025	KLRC1
1026	KLRC2
1027	KLRC3
1028	KLRD1
1029	KLRF1
1030	KLRG1
1031	KMO
1032	KNL1
1033	KNSTRN
1034	KPNA2
1035	KPNB1
1036	KSR1
1037	L3MBTL4
1038	LAG3
1039	LAIR2
1040	LAMP3
1041	LAP3
1042	LARGE1
1043	LAYN
1044	LCORL
1045	LDB2
1046	LDHA
1047	LDLRAD4
1048	LEF1
1049	LEF1-AS1
1050	LEKR1
1051	LGALS1
1052	LGALS3
1053	LGALSL-DT
1054	LGMN
1055	LGR4
1056	LHFPL2
1057	LHFPL6
1058	LILRB1
1059	LILRB3
1060	LIMK2
1061	LIMS1
1062	LINC00158
1063	LINC00159
1064	LINC00271
1065	LINC00299
1066	LINC00342
1067	LINC00504
1068	LINC00511
1069	LINC00513
1070	LINC00571
1071	LINC00607
1072	LINC00886
1073	LINC00892
1074	LINC00907
1075	LINC00926
1076	LINC00937
1077	LINC00944
1078	LINC00996
1079	LINC01010
1080	LINC01033
1081	LINC01088
1082	LINC01146
1083	LINC01250
1084	LINC01281
1085	LINC01320
1086	LINC01362
1087	LINC01374
1088	LINC01376
1089	LINC01473
1090	LINC01480
1091	LINC01483
1092	LINC01505
1093	LINC01572
1094	LINC01619
1095	LINC01644
1096	LINC01684
1097	LINC01725
1098	LINC01727
1099	LINC01762
1100	LINC01811
1101	LINC01871
1102	LINC01876
1103	LINC01933
1104	LINC01934
1105	LINC01943
1106	LINC01967
1107	LINC02055
1108	LINC02073
1109	LINC02133
1110	LINC02156
1111	LINC02246
1112	LINC02328
1113	LINC02341
1114	LINC02384
1115	LINC02391
1116	LINC02446
1117	LINC02458
1118	LINC02694
1119	LINC02725
1120	LINC02795
1121	LINGO2
1122	LITAF
1123	LIX1-AS1
1124	LMCD1-AS1
1125	LMNA
1126	LMNB1
1127	LMO7
1128	LONRF3
1129	LPCAT2
1130	LPP
1131	LRBA
1132	LRMDA
1133	LRMP
1134	LRP12
1135	LRRC36
1136	LRRC63
1137	LRRK1
1138	LRRN3
1139	LST1
1140	LTA
1141	LTB
1142	LTBP1
1143	LUCAT1
1144	LY75
1145	LY86
1146	LY86-AS1
1147	LYAR
1148	LYN
1149	LYPLAL1-DT
1150	LYST
1151	MACC1
1152	MACROD2
1153	MAD2L1
1154	MAF
1155	MAGI2
1156	MAGI3
1157	MAL
1158	MALAT1
1159	MALT1
1160	MAML2
1161	MAML3
1162	MAMLD1
1163	MAN1A1
1164	MAN1C1
1165	MANBA
1166	MAP1A
1167	MAP3K20
1168	MAP3K5
1169	MAP3K7CL
1170	MAP3K8
1171	MAP4K3
1172	MAP7D2
1173	MAPK10
1174	MAPK8
1175	MARCH1
1176	MARCH3
1177	MARCKSL1
1178	MAST2
1179	MAST4
1180	MB21D2
1181	MBD5
1182	MBNL1
1183	MBOAT2
1184	MCF2
1185	MCF2L2
1186	MCM10
1187	MCM3
1188	MCM4
1189	MCM6
1190	MCM7
1191	MCOLN2
1192	MCTP1
1193	MCTP2
1194	MCU
1195	MDFIC
1196	MDM2
1197	ME1
1198	MED12L
1199	MED13L
1200	MEF2A
1201	MEF2C
1202	MEF2C-AS1
1203	MEGF9
1204	MEIKIN
1205	MELK
1206	METRNL
1207	MGAM
1208	MGAT5
1209	MGLL
1210	MGST1
1211	MICAL2
1212	MID1
1213	MIF
1214	MIR155HG
1215	MIR181A1HG
1216	MIR193BHG
1217	MIR2052HG
1218	MIR222HG
1219	MIR31HG
1220	MIR3681HG
1221	MIR4435-2HG
1222	MIR503HG
1223	MIR646HG
1224	MIR924HG
1225	MIR99AHG
1226	MKI67
1227	MLLT3
1228	MMS22L
1229	MND1
1230	MOB3B
1231	MOXD1
1232	MPP6
1233	MPP7
1234	MREG
1235	MRTO4
1236	MSC
1237	MSC-AS1
1238	MT-ATP6
1239	MT-ND1
1240	MT-ND2
1241	MT-ND4
1242	MT-ND5
1243	MT-ND6
1244	MT1E
1245	MT2A
1246	MTAP
1247	MTHFD1L
1248	MTHFD2
1249	MTSS1
1250	MX1
1251	MXD1
1252	MXD3
1253	MYB
1254	MYBL1
1255	MYBL2
1256	MYC
1257	MYL9
1258	MYO1B
1259	MYO1D
1260	MYO1E
1261	MYO1F
1262	MYO3B
1263	MYOF
1264	MZB1
1265	NAALADL2
1266	NAMPT
1267	NASP
1268	NAV1
1269	NAV2
1270	NBEA
1271	NCALD
1272	NCAM1
1273	NCAM2
1274	NCAPD3
1275	NCAPG
1276	NCAPG2
1277	NCAPH
1278	NCEH1
1279	NCF1
1280	NCF2
1281	NCL
1282	NCOA3
1283	NCR1
1284	NCR3
1285	NDC1
1286	NDC80
1287	NEAT1
1288	NECTIN2
1289	NEDD4L
1290	NEFH
1291	NEGR1
1292	NEIL3
1293	NEK6
1294	NELL2
1295	NETO2
1296	NEXMIF
1297	NFIA
1298	NFKB1
1299	NFKBIA
1300	NHS
1301	NHSL1
1302	NIBAN1
1303	NIBAN3
1304	NINJ1
1305	NIPAL1
1306	NIPAL2
1307	NKAIN2
1308	NKG7
1309	NLK
1310	NLN
1311	NLRP3
1312	NLRP7
1313	NME1
1314	NME7
1315	NOLC1
1316	NOVA1
1317	NPC2
1318	NPM1
1319	NPW
1320	NR3C2
1321	NR4A1
1322	NR4A2
1323	NR4A3
1324	NR6A1
1325	NRCAM
1326	NRG2
1327	NRP1
1328	NRP2
1329	NSD2
1330	NUBPL
1331	NUCB2
1332	NUF2
1333	NUMB
1334	NUSAP1
1335	ODC1
1336	OGFRL1
1337	OPHN1
1338	OR3A2
1339	ORC6
1340	OSBP2
1341	OSBPL10
1342	OSBPL1A
1343	OSBPL3
1344	OSBPL6
1345	OSM
1346	P2RX1
1347	P2RX5
1348	P2RX7
1349	P2RY14
1350	P2RY8
1351	PA2G4
1352	PACRG
1353	PADI4
1354	PAICS
1355	PAK1
1356	PALLD
1357	PALM2-AKAP2
1358	PAM
1359	PAPSS2
1360	PARD3
1361	PARD3B
1362	PARPBP
1363	PASK
1364	PAWR
1365	PBX1
1366	PBX3
1367	PCAT1
1368	PCBP3
1369	PCDH9
1370	PCLAF
1371	PCNA
1372	PCSK5
1373	PCSK6
1374	PDE3B
1375	PDE4B
1376	PDE4D
1377	PDE4DIP
1378	PDE7A
1379	PDE7B
1380	PDE8A
1381	PDGFA
1382	PDGFD
1383	PDLIM1
1384	PDLIM5
1385	PEAK1
1386	PECAM1
1387	PEG10
1388	PELI1
1389	PELI2
1390	PEX5L
1391	PGAP1
1392	PGD
1393	PHACTR1
1394	PHACTR2
1395	PHEX
1396	PHGDH
1397	PHLDA1
1398	PHLDA2
1399	PHLPP1
1400	PHTF2
1401	PIF1
1402	PIK3AP1
1403	PIK3R5
1404	PILRA
1405	PIP5K1B
1406	PIR
1407	PITPNC1
1408	PKD2
1409	PKIA
1410	PKIA-AS1
1411	PKIB
1412	PKIG
1413	PKM
1414	PKP4
1415	PLA2G4A
1416	PLA2G4C
1417	PLAC8
1418	PLAGL1
1419	PLAUR
1420	PLBD1
1421	PLCB1
1422	PLCG2
1423	PLCL1
1424	PLD1
1425	PLEK
1426	PLEKHA5
1427	PLEKHG1
1428	PLEKHM3
1429	PLEKHO1
1430	PLK1
1431	PLK2
1432	PLPP1
1433	PLSCR1
1434	PLXDC2
1435	PLXNA4
1436	PLXNC1
1437	PMAIP1
1438	POLA1
1439	POLQ
1440	POT1-AS1
1441	POU2AF1
1442	POU2F1
1443	POU2F2
1444	PPARG
1445	PPFIBP1
1446	PPM1H
1447	PPM1L
1448	PPP1R14B
1449	PPP1R9A
1450	PPP2R2B
1451	PPP3CA
1452	PRAG1
1453	PRC1
1454	PRDM1
1455	PRDM5
1456	PRDX1
1457	PRELID2
1458	PRF1
1459	PRG4
1460	PRIM2
1461	PRKAR2B
1462	PRKCA
1463	PRKCB
1464	PRKCE
1465	PRKCH
1466	PRKDC
1467	PRKG1
1468	PRKG2
1469	PRKN
1470	PRKX
1471	PROK2
1472	PRR11
1473	PRRG4
1474	PRSS23
1475	PRSS57
1476	PSAP
1477	PSAT1
1478	PSD3
1479	PSTPIP2
1480	PTAFR
1481	PTCHD1-AS
1482	PTGIR
1483	PTK2
1484	PTMA
1485	PTMS
1486	PTPN12
1487	PTPN13
1488	PTPRE
1489	PTPRG
1490	PTPRJ
1491	PTPRK
1492	PTPRM
1493	PTPRS
1494	PTTG1
1495	PUS7
1496	PVT1
1497	PYHIN1
1498	PZP
1499	QKI
1500	RAB11FIP1
1501	RAB13
1502	RAB20
1503	RAB27B
1504	RAB31
1505	RAB32
1506	RAB39A
1507	RABGAP1L
1508	RACGAP1
1509	RAD21
1510	RAD51AP1
1511	RAD51B
1512	RALGPS2
1513	RAMP1
1514	RAN
1515	RANBP1
1516	RANBP17
1517	RAP1GAP2
1518	RAP2C-AS1
1519	RAPGEF1
1520	RAPGEF2
1521	RAPGEF5
1522	RASA3
1523	RASAL2
1524	RASGEF1B
1525	RASGRF2
1526	RASGRP3
1527	RASSF4
1528	RASSF8
1529	RBBP8
1530	RBL1
1531	RBM47
1532	RBMS3
1533	RBPJ
1534	RCAN2
1535	RDH10
1536	RDX
1537	REL
1538	RERE
1539	RFC3
1540	RFTN1
1541	RFX2
1542	RFX3
1543	RFX3-AS1
1544	RFX8
1545	RGCC
1546	RGL1
1547	RGS1
1548	RGS12
1549	RGS16
1550	RGS17
1551	RGS18
1552	RGS2
1553	RGS6
1554	RGS7
1555	RHOQ
1556	RHOU
1557	RILPL2
1558	RIMS2
1559	RIN3
1560	RIPK2
1561	RNASE6
1562	RNF13
1563	RNF130
1564	RNF144A
1565	RNF144B
1566	RNF157
1567	RNF19A
1568	RNF19B
1569	RNF213
1570	RNF213-AS1
1571	RNF217
1572	RNF217-AS1
1573	RNF24
1574	RNLS
1575	ROBO1
1576	ROR1
1577	ROR2
1578	RORA
1579	RORB
1580	RPL22L1
1581	RPS17
1582	RPS6KA5
1583	RRAD
1584	RRM1
1585	RRM2
1586	RSAD2
1587	RTKN2
1588	RTTN
1589	RUFY3
1590	RUNX1
1591	RUNX2
1592	RUSC2
1593	S100A10
1594	S100A11
1595	S100A4
1596	S100A6
1597	S100B
1598	S100P
1599	S100Z
1600	SAMD12
1601	SAMD3
1602	SAMD4A
1603	SAMSN1
1604	SASH1
1605	SAT1
1606	SBF2
1607	SCAPER
1608	SCART1
1609	SCD5
1610	SCFD2
1611	SCGB2B2
1612	SCIMP
1613	SCLT1
1614	SCMH1
1615	SCN1A-AS1
1616	SCN9A
1617	SDCBP
1618	SDK1
1619	SDK2
1620	SEC11C
1621	SEL1L3
1622	SELENOP
1623	SEMA3A
1624	SEMA5A
1625	SERBP1
1626	SERINC5
1627	SERPINE1
1628	SERPINF1
1629	SESN3
1630	SESTD1
1631	SETBP1
1632	SFMBT2
1633	SGCD
1634	SGK1
1635	SGMS1
1636	SGO1-AS1
1637	SGO2
1638	SGPP2
1639	SH2D1B
1640	SH3BP5
1641	SH3RF1
1642	SH3RF2
1643	SH3RF3
1644	SHCBP1
1645	SHTN1
1646	SIGLEC6
1647	SIK3
1648	SIPA1L1
1649	SIPA1L2
1650	SIPA1L3
1651	SKA3
1652	SKAP2
1653	SLAMF1
1654	SLAMF7
1655	SLAMF8
1656	SLBP
1657	SLC11A1
1658	SLC12A8
1659	SLC14A1
1660	SLC15A3
1661	SLC16A1-AS1
1662	SLC16A10
1663	SLC16A6
1664	SLC1A3
1665	SLC1A5
1666	SLC22A15
1667	SLC24A3
1668	SLC27A2
1669	SLC2A13
1670	SLC2A6
1671	SLC31A2
1672	SLC35D1
1673	SLC35F3
1674	SLC38A6
1675	SLC39A11
1676	SLC39A8
1677	SLC3A2
1678	SLC41A2
1679	SLC43A2
1680	SLC43A3
1681	SLC44A1
1682	SLC49A4
1683	SLC4A10
1684	SLC4A4
1685	SLC5A4-AS1
1686	SLC7A11
1687	SLC7A7
1688	SLC8A1
1689	SLC8A1-AS1
1690	SLC9A7
1691	SLC9A9
1692	SLCO3A1
1693	SLCO4C1
1694	SMC1A
1695	SMC2
1696	SMC4
1697	SMCO4
1698	SMIM24
1699	SMPD3
1700	SMYD3
1701	SNCA
1702	SNED1
1703	SNTB1
1704	SNTG2
1705	SNX10
1706	SNX29
1707	SNX9
1708	SOD2
1709	SORT1
1710	SOS1
1711	SOX2-OT
1712	SOX4
1713	SOX5
1714	SP140
1715	SPAG9
1716	SPATA5
1717	SPATS2
1718	SPATS2L
1719	SPC25
1720	SPECC1
1721	SPIDR
1722	SPINK2
1723	SPIRE1
1724	SPOCK1
1725	SPOCK3
1726	SPRED1
1727	SPRED2
1728	SPRY2
1729	SPTBN1
1730	SRC
1731	SRGAP1
1732	SRGAP2
1733	SRGAP2B
1734	SRGAP3
1735	SRGN
1736	SRM
1737	SSBP2
1738	ST3GAL3
1739	ST6GAL1
1740	ST6GALNAC3
1741	ST8SIA1
1742	ST8SIA4
1743	ST8SIA6
1744	STAG1
1745	STAG3
1746	STAP1
1747	STARD13
1748	STAT1
1749	STAT4
1750	STIL
1751	STK3
1752	STK33
1753	STMN1
1754	STPG2
1755	STRBP
1756	STX11
1757	STX17-AS1
1758	STXBP5
1759	STXBP5-AS1
1760	STYK1
1761	SUCLG2-AS1
1762	SUGCT
1763	SUMF1
1764	SUSD4
1765	SUSD6
1766	SV2C
1767	SWAP70
1768	SYCP2L
1769	SYK
1770	SYTL3
1771	TAF4B
1772	TAFA1
1773	TAFA2
1774	TANC2
1775	TANK
1776	TBC1D2
1777	TBC1D32
1778	TBC1D4
1779	TBC1D5
1780	TBC1D8
1781	TBL1X
1782	TBXAS1
1783	TCF4
1784	TCF4-AS1
1785	TCF7
1786	TCF7L1
1787	TCF7L2
1788	TCTN1
1789	TCTN3
1790	TDRD9
1791	TEC
1792	TENT5A
1793	TESK2
1794	TET2
1795	TET3
1796	TEX14
1797	TEX9
1798	TFEC
1799	TFRC
1800	TGFBR3
1801	THEMIS
1802	THRB
1803	TIAM1
1804	TIAM2
1805	TIGIT
1806	TIMD4
1807	TIMP1
1808	TIMP2
1809	TK1
1810	TLE1
1811	TLR10
1812	TLR2
1813	TMCC3
1814	TMEM117
1815	TMEM156
1816	TMEM163
1817	TMEM164
1818	TMEM178B
1819	TMEM232
1820	TMEM241
1821	TMEM273
1822	TMEM65
1823	TMPO
1824	TMSB10
1825	TMTC2
1826	TNF
1827	TNFAIP3
1828	TNFRSF10B
1829	TNFRSF11A
1830	TNFRSF13C
1831	TNFRSF18
1832	TNFRSF1B
1833	TNFRSF4
1834	TNFRSF8
1835	TNFRSF9
1836	TNFSF10
1837	TNFSF11
1838	TNFSF13B
1839	TNFSF14
1840	TNFSF4
1841	TNFSF8
1842	TNIK
1843	TNIP3
1844	TOP2A
1845	TOX
1846	TOX2
1847	TP63
1848	TPD52
1849	TPI1
1850	TPM2
1851	TPM4
1852	TPRG1
1853	TPST1
1854	TPTE2
1855	TPX2
1856	TRAF1
1857	TRAF3
1858	TRAV10
1859	TRAV12-2
1860	TRAV12-3
1861	TRAV13-1
1862	TRAV14DV4
1863	TRAV17
1864	TRAV19
1865	TRAV20
1866	TRAV21
1867	TRAV23DV6
1868	TRAV24
1869	TRAV25
1870	TRAV26-2
1871	TRAV30
1872	TRAV38-2DV8
1873	TRAV40
1874	TRAV5
1875	TRAV6
1876	TRAV8-5
1877	TRBC1
1878	TRBV14
1879	TRBV18
1880	TRBV28
1881	TRBV29-1
1882	TRBV5-4
1883	TRBV6-2
1884	TRDC
1885	TRDV1
1886	TRDV2
1887	TRERF1
1888	TRGC1
1889	TRGC2
1890	TRGV10
1891	TRGV2
1892	TRGV8
1893	TRGV9
1894	TRIM2
1895	TRIM9
1896	TRIO
1897	TROAP
1898	TRPM2
1899	TRPS1
1900	TSBP1-AS1
1901	TSC22D1
1902	TSHR
1903	TSHZ2
1904	TSPAN13
1905	TSPAN33
1906	TSPAN5
1907	TSPO
1908	TTC28
1909	TTF2
1910	TTK
1911	TTN
1912	TUBA1A
1913	TUBA1B
1914	TUBA1C
1915	TUBA4A
1916	TUBB
1917	TUBB4B
1918	TUBB6
1919	TVP23A
1920	TWSG1
1921	TXK
1922	TXN
1923	TXNDC5
1924	TYMP
1925	TYMS
1926	TYROBP
1927	UBA6-AS1
1928	UBASH3B
1929	UBE2E2
1930	UBE2J1
1931	UBE2S
1932	UBE2T
1933	UBE3D
1934	UFL1-AS1
1935	UGCG
1936	UGGT2
1937	UHRF1
1938	UNC13B
1939	UNG
1940	USP37
1941	USP6NL
1942	UST
1943	UTRN
1944	UVRAG
1945	VAV3
1946	VIM
1947	VIPR2
1948	VLDLR-AS1
1949	VOPP1
1950	VRK2
1951	WARS
1952	WDHD1
1953	WDPCP
1954	WDR49
1955	WDR62
1956	WDR63
1957	WDR76
1958	WNT5B
1959	WWOX
1960	XCL1
1961	XCL2
1962	XRCC4
1963	XYLT1
1964	YBX1
1965	YBX3
1966	YES1
1967	Z94721.1
1968	ZBTB16
1969	ZBTB20
1970	ZBTB46
1971	ZC3H12B
1972	ZC3H12C
1973	ZC4H2
1974	ZDHHC14
1975	ZEB1
1976	ZEB1-AS1
1977	ZEB2
1978	ZFAND3
1979	ZFAT
1980	ZFHX3
1981	ZFP36L1
1982	ZFYVE16
1983	ZNF208
1984	ZNF295-AS1
1985	ZNF367
1986	ZNF385A
1987	ZNF385D
1988	ZNF407
1989	ZNF438
1990	ZNF532
1991	ZNF608
1992	ZNF683
1993	ZNF704
1994	ZNF827
1995	ZNRF2
1996	ZRANB2-AS2
1997	ZRANB3
1998	ZSWIM5
1999	ZSWIM6
2000	ZWINT
